INSERT INTO USER (Ssn,title,name,last_logged)
VALUES
  (500000000,"Developer","Talon Kent","2021-11-22"),
  (500000001,"Member","Xanthus Mcdaniel","2021-11-22"),
  (500000002,"Entrepreneur","Cecilia Kim","2021-11-22"),
  (500000003,"Manager","Rıza Cenk Erdur","2021-11-22"),
  (500000004,"Developer","Austin Beach","2021-11-22"),
  (500000005,"Student","Özgür Gümüş","2021-11-22"),
  (500000006,"Student","Curran Mendoza","2021-11-22"),
  (500000007,"Developer","Birol Çiloğlugil","2021-11-22"),
  (500000008,"Student","Nicholas Wooten","2021-11-22"),
  (500000009,"Student","Peter Travis","2021-11-22");
INSERT INTO USER (Ssn,title,name,last_logged)
VALUES
  (500000010,"Student","Nissim Deleon","2021-11-22"),
  (500000011,"Data Scientist","Vecdi Aytaç","2021-11-22"),
  (500000012,"Teacher","Nayda Rios","2021-11-22"),
  (500000013,"Entrepreneur","Aybars Uğur","2021-11-22"),
  (500000014,"Member","Whoopi Lindsay","2021-11-22"),
  (500000015,"Manager","Sezercan Tanışman","2021-11-22"),
  (500000016,"Entrepreneur","Stuart Everett","2021-11-22"),
  (500000017,"Doctor","Murat Osman Ünalır","2021-11-22"),
  (500000018,"Prof","Alfreda Reeves","2021-11-22"),
  (500000019,"Entrepreneur","Meredith Cotton","2021-11-22");
INSERT INTO USER (Ssn,title,name,last_logged)
VALUES
  (500000020,"Teacher","Alma Cline","2021-11-22"),
  (500000021,"Developer","Allistair Stone","2021-11-22"),
  (500000022,"Doctor","Kasimir Gould","2021-11-22"),
  (500000023,"Asistant","Sonya Hahn","2021-11-22"),
  (500000024,"Asistant","Ray Bradshaw","2021-11-22"),
  (500000025,"Asistant","Anika Sherman","2021-11-22"),
  (500000026,"Prof","Melinda Weeks","2021-11-22"),
  (500000027,"Student","Gavin Duncan","2021-11-22"),
  (500000028,"Data Scientist","Iris Herring","2021-11-22"),
  (500000029,"Doctor","Olivia Gates","2021-11-22");
INSERT INTO USER (Ssn,title,name,last_logged)
VALUES
  (500000030,"Manager","Xantha Aguilar","2021-11-22"),
  (500000031,"Entrepreneur","Stacy Atkins","2021-11-22"),
  (500000032,"Manager","Dominic Mosley","2021-11-22"),
  (500000033,"Data Scientist","Marvin Nichols","2021-11-22"),
  (500000034,"Teacher","Elliott Morales","2021-11-22"),
  (500000035,"Developer","Maggie Mendoza","2021-11-22"),
  (500000036,"Developer","Gavin Leach","2021-11-22"),
  (500000037,"Teacher","Howard Rivers","2021-11-22"),
  (500000038,"Entrepreneur","Raya Vang","2021-11-22"),
  (500000039,"Developer","Oscar Mendez","2021-11-22");
INSERT INTO USER (Ssn,title,name,last_logged)
VALUES
  (500000040,"Asistant","Marshall Sargent","2021-11-22"),
  (500000041,"Teacher","Stacey Rose","2021-11-22"),
  (500000042,"Manager","Jescie Steele","2021-11-22"),
  (500000043,"Developer","Dale Gaines","2021-11-22"),
  (500000044,"Student","Callie Roth","2021-11-22"),
  (500000045,"Teacher","Alec Spence","2021-11-22"),
  (500000046,"Developer","Bernard Hutchinson","2021-11-22"),
  (500000047,"Doctor","Harrison Underwood","2021-11-22"),
  (500000048,"Manager","Kadeem Conley","2021-11-22"),
  (500000049,"Student","Jenna Burns","2021-11-22");
INSERT INTO USER (Ssn,title,name,last_logged)
VALUES
  (500000050,"Data Scientist","Melanie Velazquez","2021-11-22"),
  (500000051,"Member","Paula Lancaster","2021-11-22"),
  (500000052,"Asistant","Iona Conner","2021-11-22"),
  (500000053,"Asistant","Oscar Gallegos","2021-11-22"),
  (500000054,"Asistant","Sylvester Calderon","2021-11-22"),
  (500000055,"Developer","Caldwell Frye","2021-11-22"),
  (500000056,"Prof","Jael Fletcher","2021-11-22"),
  (500000057,"Developer","Chaim Gill","2021-11-22"),
  (500000058,"Developer","Madeson Cote","2021-11-22"),
  (500000059,"Data Scientist","Brenda Cooke","2021-11-22");
INSERT INTO USER (Ssn,title,name,last_logged)
VALUES
  (500000060,"Teacher","Sasha Hodge","2021-11-22"),
  (500000061,"Prof","Jacqueline Everett","2021-11-22"),
  (500000062,"Entrepreneur","Madeson Howard","2021-11-22"),
  (500000063,"Entrepreneur","Jael Santana","2021-11-22"),
  (500000064,"Doctor","Karly Harris","2021-11-22"),
  (500000065,"Developer","Timothy Jenkins","2021-11-22"),
  (500000066,"Entrepreneur","Clare Tyson","2021-11-22"),
  (500000067,"Asistant","Clementine Craig","2021-11-22"),
  (500000068,"Doctor","Hope Downs","2021-11-22"),
  (500000069,"Doctor","Wynne Maddox","2021-11-22");
INSERT INTO USER (Ssn,title,name,last_logged)
VALUES
  (500000070,"Entrepreneur","Keiko Rivas","2021-11-22"),
  (500000071,"Entrepreneur","Zia Rivera","2021-11-22"),
  (500000072,"Student","Jordan Waller","2021-11-22"),
  (500000073,"Asistant","Roanna Galloway","2021-11-22"),
  (500000074,"Manager","Zena Alford","2021-11-22"),
  (500000075,"Asistant","Lev Briggs","2021-11-22"),
  (500000076,"Developer","Anthony Hebert","2021-11-22"),
  (500000077,"Member","Rajah Hale","2021-11-22"),
  (500000078,"Asistant","Violet Galloway","2021-11-22"),
  (500000079,"Data Scientist","Reuben Griffin","2021-11-22");
INSERT INTO USER (Ssn,title,name,last_logged)
VALUES
  (500000080,"Doctor","Micah Hammond","2021-11-22"),
  (500000081,"Prof","Malik Abbott","2021-11-22"),
  (500000082,"Manager","Garrison Dickson","2021-11-22"),
  (500000083,"Prof","Christian Hampton","2021-11-22"),
  (500000084,"Entrepreneur","Lawrence Schwartz","2021-11-22"),
  (500000085,"Data Scientist","Idola Pickett","2021-11-22"),
  (500000086,"Data Scientist","Macey Mosley","2021-11-22"),
  (500000087,"Asistant","Arsenio Foster","2021-11-22"),
  (500000088,"Doctor","Moses Christian","2021-11-22"),
  (500000089,"Teacher","Ignatius Dickson","2021-11-22");
INSERT INTO USER (Ssn,title,name,last_logged)
VALUES
  (500000090,"Entrepreneur","Gage Mcconnell","2021-11-22"),
  (500000091,"Doctor","Grant Green","2021-11-22"),
  (500000092,"Member","Oren Meyers","2021-11-22"),
  (500000093,"Manager","Uriah Ochoa","2021-11-22"),
  (500000094,"Teacher","Meredith Crosby","2021-11-22"),
  (500000095,"Teacher","Simone Andrews","2021-11-22"),
  (500000096,"Prof","Cora Rose","2021-11-22"),
  (500000097,"Data Scientist","Elvis Ross","2021-11-22"),
  (500000098,"Data Scientist","Castor Evans","2021-11-22"),
  (500000099,"Entrepreneur","Wilma Noel","2021-11-22");
INSERT INTO USER (Ssn,title,name,last_logged)
VALUES
  (500000100,"Developer","Quyn Robbins","2021-11-22"),
  (500000101,"Asistant","Ariana Henry","2021-11-22"),
  (500000102,"Student","Alexa Patrick","2021-11-22"),
  (500000103,"Asistant","Hasad Fernandez","2021-11-22"),
  (500000104,"Entrepreneur","Aline Frank","2021-11-22"),
  (500000105,"Data Scientist","Deborah Shaw","2021-11-22"),
  (500000106,"Teacher","Demetria Pena","2021-11-22"),
  (500000107,"Prof","Shaeleigh Frazier","2021-11-22"),
  (500000108,"Student","Duncan Harrington","2021-11-22"),
  (500000109,"Doctor","Dorothy Figueroa","2021-11-22");
INSERT INTO USER (Ssn,title,name,last_logged)
VALUES
  (500000110,"Developer","Levi Thompson","2021-11-22"),
  (500000111,"Doctor","Omar Singleton","2021-11-22"),
  (500000112,"Asistant","Melinda Warner","2021-11-22"),
  (500000113,"Developer","Lareina Dalton","2021-11-22"),
  (500000114,"Member","Rhiannon Solis","2021-11-22"),
  (500000115,"Developer","Slade Randall","2021-11-22"),
  (500000116,"Entrepreneur","Skyler Tate","2021-11-22"),
  (500000117,"Asistant","Roth Deleon","2021-11-22"),
  (500000118,"Entrepreneur","Odette Lott","2021-11-22"),
  (500000119,"Asistant","Rosalyn Kemp","2021-11-22");
INSERT INTO USER (Ssn,title,name,last_logged)
VALUES
  (500000120,"Manager","Maxine Soto","2021-11-22"),
  (500000121,"Data Scientist","Mufutau Miranda","2021-11-22"),
  (500000122,"Doctor","Travis Hayes","2021-11-22"),
  (500000123,"Member","Robert Kane","2021-11-22"),
  (500000124,"Student","Gay Gonzales","2021-11-22"),
  (500000125,"Member","Dorian Velasquez","2021-11-22"),
  (500000126,"Data Scientist","Caldwell Copeland","2021-11-22"),
  (500000127,"Developer","Preston Stevenson","2021-11-22"),
  (500000128,"Teacher","Herrod English","2021-11-22"),
  (500000129,"Developer","Shelley Murphy","2021-11-22");
INSERT INTO USER (Ssn,title,name,last_logged)
VALUES
  (500000130,"Developer","Asher Christensen","2021-11-22"),
  (500000131,"Manager","Daniel Marshall","2021-11-22"),
  (500000132,"Manager","Briar Haley","2021-11-22"),
  (500000133,"Developer","Katelyn Mcclain","2021-11-22"),
  (500000134,"Member","India Weeks","2021-11-22"),
  (500000135,"Teacher","Shannon Gamble","2021-11-22"),
  (500000136,"Data Scientist","Kameko Fowler","2021-11-22"),
  (500000137,"Member","Lila Myers","2021-11-22"),
  (500000138,"Student","Melodie Schultz","2021-11-22"),
  (500000139,"Teacher","Carson Rodriquez","2021-11-22");
INSERT INTO USER (Ssn,title,name,last_logged)
VALUES
  (500000140,"Doctor","Nash Griffin","2021-11-22"),
  (500000141,"Teacher","Rajah Solomon","2021-11-22"),
  (500000142,"Entrepreneur","Brenden Fitzgerald","2021-11-22"),
  (500000143,"Asistant","Miriam Jennings","2021-11-22"),
  (500000144,"Asistant","Wylie Mccoy","2021-11-22"),
  (500000145,"Doctor","Chaney Clemons","2021-11-22"),
  (500000146,"Asistant","Plato Briggs","2021-11-22"),
  (500000147,"Asistant","Kimberly Christensen","2021-11-22"),
  (500000148,"Manager","Stewart Baird","2021-11-22"),
  (500000149,"Doctor","Athena Foreman","2021-11-22");
INSERT INTO USER (Ssn,title,name,last_logged)
VALUES
  (500000150,"Data Scientist","Brent Chambers","2021-11-22"),
  (500000151,"Developer","Steven Schroeder","2021-11-22"),
  (500000152,"Asistant","Patience Franco","2021-11-22"),
  (500000153,"Student","Keith Mccarthy","2021-11-22"),
  (500000154,"Manager","Kelly Rose","2021-11-22"),
  (500000155,"Asistant","May Mullen","2021-11-22"),
  (500000156,"Member","Tanek Gilliam","2021-11-22"),
  (500000157,"Data Scientist","Samuel Foreman","2021-11-22"),
  (500000158,"Manager","Cailin Weiss","2021-11-22"),
  (500000159,"Entrepreneur","Kylan Morton","2021-11-22");
INSERT INTO USER (Ssn,title,name,last_logged)
VALUES
  (500000160,"Doctor","Perry Rocha","2021-11-22"),
  (500000161,"Doctor","Wanda Washington","2021-11-22"),
  (500000162,"Data Scientist","Dahlia Delaney","2021-11-22"),
  (500000163,"Member","Drew Brown","2021-11-22"),
  (500000164,"Developer","Rina Payne","2021-11-22"),
  (500000165,"Entrepreneur","Lance Walters","2021-11-22"),
  (500000166,"Prof","Carol Keller","2021-11-22"),
  (500000167,"Developer","Veda Rivers","2021-11-22"),
  (500000168,"Manager","Colby Mcconnell","2021-11-22"),
  (500000169,"Member","Kylee Rutledge","2021-11-22");
INSERT INTO USER (Ssn,title,name,last_logged)
VALUES
  (500000170,"Member","Hunter Martin","2021-11-22"),
  (500000171,"Doctor","Valentine Fernandez","2021-11-22"),
  (500000172,"Prof","Dorothy Randolph","2021-11-22"),
  (500000173,"Member","Callie Conrad","2021-11-22"),
  (500000174,"Entrepreneur","Daniel Miller","2021-11-22"),
  (500000175,"Prof","Jayme Cotton","2021-11-22"),
  (500000176,"Doctor","Quemby Abbott","2021-11-22"),
  (500000177,"Data Scientist","Carissa Collier","2021-11-22"),
  (500000178,"Prof","Dominique Beasley","2021-11-22"),
  (500000179,"Prof","Melanie Bradford","2021-11-22");
INSERT INTO USER (Ssn,title,name,last_logged)
VALUES
  (500000180,"Entrepreneur","Suki Murphy","2021-11-22"),
  (500000181,"Asistant","Clare Hays","2021-11-22"),
  (500000182,"Student","Perry Hill","2021-11-22"),
  (500000183,"Entrepreneur","Hedwig Alvarado","2021-11-22"),
  (500000184,"Developer","Vaughan Rhodes","2021-11-22"),
  (500000185,"Doctor","Gage Jackson","2021-11-22"),
  (500000186,"Student","Sophia Lindsey","2021-11-22"),
  (500000187,"Developer","Kennan Shannon","2021-11-22"),
  (500000188,"Teacher","Rose Burch","2021-11-22"),
  (500000189,"Member","Neville Hooper","2021-11-22");
INSERT INTO USER (Ssn,title,name,last_logged)
VALUES
  (500000190,"Developer","Dahlia Jenkins","2021-11-22"),
  (500000191,"Entrepreneur","Julian Gay","2021-11-22"),
  (500000192,"Prof","Slade Mcguire","2021-11-22"),
  (500000193,"Doctor","Zena Gibbs","2021-11-22"),
  (500000194,"Teacher","Justine Mathis","2021-11-22"),
  (500000195,"Entrepreneur","Mohammad Huffman","2021-11-22"),
  (500000196,"Prof","Yoko Garner","2021-11-22"),
  (500000197,"Prof","Lacey Sandoval","2021-11-22"),
  (500000198,"Doctor","Ronan Weiss","2021-11-22"),
  (500000199,"Asistant","Jordan Mcknight","2021-11-22");
  INSERT INTO USER_SKILLS (User_ssn,Sname)
VALUES
  (500000181,"JAVA"),
  (500000061,"SQL"),
  (500000173,"FITNESS"),
  (500000185,"ENTREPRENEURSHIP"),
  (500000102,"DATABASE MANAGEMENT"),
  (500000158,"ENTREPRENEURSHIP"),
  (500000077,"PYTHON"),
  (500000128,"SQL"),
  (500000089,"DATABASE MANAGEMENT"),
  (500000037,"ENTREPRENEURSHIP");
INSERT INTO USER_SKILLS (User_ssn,Sname)
VALUES
  (500000153,"PYTHON"),
  (500000091,"FITNESS"),
  (500000151,"FLUTTER"),
  (500000080,"PYTHON"),
  (500000190,"SQL"),
  (500000185,"PYTHON"),
  (500000017,"FITNESS"),
  (500000062,"PYTHON"),
  (500000061,"MYSQL"),
  (500000137,"FITNESS");
INSERT INTO USER_SKILLS (User_ssn,Sname)
VALUES
  (500000089,"FLUTTER"),
  (500000164,"SQL"),
  (500000064,"DATABASE MANAGEMENT"),
  (500000044,"C#"),
  (500000052,"DATABASE MANAGEMENT"),
  (500000131,"MANAGEMENT"),
  (500000168,"MANAGEMENT"),
  (500000174,"JAVA"),
  (500000138,"FITNESS"),
  (500000140,"SQL");
INSERT INTO USER_SKILLS (User_ssn,Sname)
VALUES
  (500000108,"ENTREPRENEURSHIP"),
  (500000147,"MYSQL"),
  (500000186,"JAVA"),
  (500000101,"PYTHON"),
  (500000038,"DATABASE MANAGEMENT"),
  (500000042,"PYTHON"),
  (500000195,"FITNESS"),
  (500000063,"MYSQL"),
  (500000167,"ENTREPRENEURSHIP");
INSERT INTO USER_SKILLS (User_ssn,Sname)
VALUES
  (500000046,"MYSQL"),
  (500000159,"MANAGEMENT"),
  (500000156,"SQL"),
  (500000009,"DATABASE MANAGEMENT"),
  (500000027,"MANAGEMENT"),
  (500000114,"ENTREPRENEURSHIP"),
  (500000160,"SQL"),
  (500000005,"FLUTTER"),
  (500000126,"FITNESS"),
  (500000122,"FLUTTER");
  INSERT INTO USER_LANGS (User_ssn,Lname)
VALUES
  (500000085,"Lehçe"),
  (500000017,"İspanyolca"),
  (500000029,"Lehçe"),
  (500000098,"Türkçe"),
  (500000168,"İspanyolca"),
  (500000153,"İngilizce"),
  (500000122,"Fransızca"),
  (500000092,"Farsça"),
  (500000019,"Almanca"),
  (500000124,"İspanyolca");
INSERT INTO USER_LANGS (User_ssn,Lname)
VALUES
  (500000190,"Farsça"),
  (500000145,"İngilizce"),
  (500000128,"Azerice"),
  (500000091,"Hintçe"),
  (500000004,"Farsça"),
  (500000145,"Fransızca"),
  (500000182,"Türkçe"),
  (500000069,"Farsça"),
  (500000127,"Farsça"),
  (500000175,"Lehçe");
INSERT INTO USER_LANGS (User_ssn,Lname)
VALUES
  (500000128,"Almanca"),
  (500000079,"İspanyolca"),
  (500000035,"Lehçe"),
  (500000047,"Azerice"),
  (500000143,"İngilizce"),
  (500000101,"Lehçe"),
  (500000014,"Azerice"),
  (500000104,"Farsça"),
  (500000019,"Arapça"),
  (500000007,"İspanyolca");
INSERT INTO USER_LANGS (User_ssn,Lname)
VALUES
  (500000133,"İngilizce"),
  (500000129,"Farsça"),
  (500000014,"Almanca"),
  (500000058,"Lehçe"),
  (500000118,"İngilizce"),
  (500000003,"Fransızca"),
  (500000172,"Azerice"),
  (500000028,"Lehçe"),
  (500000181,"Azerice"),
  (500000184,"İspanyolca");
INSERT INTO USER_LANGS(User_ssn,Lname)
VALUES
(500000001,"İngilizce"),
(500000001,"Almanca"),
(500000001,"Türkçe"),
(500000009,"Türkçe"),
(500000009,"Rusça"),
(500000009,"Fransızca"),
(500000019,"Türkçe"),
(500000019,"İtalyanca");
INSERT INTO USER_LANGS (User_ssn,Lname)
VALUES
  (500000198,"Farsça"),
  (500000162,"Azerice"),
  (500000037,"Azerice"),
  (500000030,"Azerice"),
  (500000008,"Lehçe"),
  (500000071,"Fransızca"),
  (500000172,"Lehçe"),
  (500000060,"Azerice"),
  (500000053,"Fransızca"),
  (500000188,"Arapça");

  INSERT INTO CONNECT (User_ssn,Connected_ssn)
VALUES
  (500000009,500000094),
  (500000062,500000085),
  (500000064,500000148),
  (500000030,500000194),
  (500000072,500000083),
  (500000001,500000087),
  (500000018,500000116),
  (500000005,500000181),
  (500000064,500000164),
  (500000056,500000096);
INSERT INTO CONNECT (User_ssn,Connected_ssn)
VALUES
  (500000010,500000182),
  (500000065,500000158),
  (500000074,500000181),
  (500000049,500000147),
  (500000012,500000114),
  (500000014,500000116),
  (500000059,500000082),
  (500000011,500000188),
  (500000021,500000087),
  (500000020,500000106);
INSERT INTO CONNECT (User_ssn,Connected_ssn)
VALUES
  (500000024,500000188),
  (500000035,500000085),
  (500000057,500000097),
  (500000040,500000168),
  (500000005,500000149),
  (500000051,500000175),
  (500000010,500000109),
  (500000023,500000178),
  (500000052,500000108),
  (500000051,500000129);
INSERT INTO CONNECT (User_ssn,Connected_ssn)
VALUES
  (500000068,500000157),
  (500000006,500000123),
  (500000072,500000123),
  (500000049,500000185),
  (500000069,500000111),
  (500000045,500000175),
  (500000073,500000147),
  (500000061,500000095),
  (500000047,500000128),
  (500000015,500000194);
INSERT INTO CONNECT (User_ssn,Connected_ssn)
VALUES
  (500000021,500000179),
  (500000003,500000180),
  (500000019,500000119),
  (500000038,500000197),
  (500000053,500000165),
  (500000021,500000182),
  (500000070,500000149),
  (500000028,500000125),
  (500000041,500000117),
  (500000004,500000183);

INSERT INTO ORGANIZATION (Id,Admin_ssn,name,Start_date)
VALUES
  (600000000,500000009,"Cras Vulputate Incorporated","1997-08-17 19:00:50"),
  (600000001,500000011,"Bibendum Sed Corp.","2004-02-16 07:52:54"),
  (600000002,500000013,"Ante Lectus Incorporated","1996-05-06 18:57:53"),
  (600000003,500000015,"Libero Integer Consulting","1985-02-26 07:33:43"),
  (600000004,500000017,"Elit Inc.","1992-09-22 12:15:14"),
  (600000005,500000019,"Sem Semper Erat Corporation","2010-07-18 08:00:03"),
  (600000006,500000021,"In Associates","1984-03-26 22:03:44"),
  (600000007,500000023,"Justo Faucibus Associates","1992-01-03 00:29:10"),
  (600000008,500000025,"Odio LLP","1994-06-29 23:35:32"),
  (600000009,500000027,"Hendrerit Company","2009-08-14 05:23:06");
INSERT INTO ORGANIZATION (Id,Admin_ssn,name,Start_date)
VALUES
  (600000010,500000029,"Vitae Incorporated","2019-12-07 21:38:12"),
  (600000011,500000031,"Penatibus Associates","1999-06-24 11:25:50"),
  (600000012,500000033,"Arcu Vestibulum LLC","1996-02-19 05:13:52"),
  (600000013,500000035,"Cursus Diam Associates","2012-11-07 14:16:05"),
  (600000014,500000037,"Luctus Felis Incorporated","2019-05-18 12:43:33"),
  (600000015,500000039,"Eleifend Nec Associates","1990-06-20 05:16:25"),
  (600000016,500000041,"Proin Incorporated","1990-11-04 11:01:58"),
  (600000017,500000043,"Ipsum Suspendisse PC","1981-01-01 07:15:27"),
  (600000018,500000045,"Libero LLC","2010-10-22 19:39:05"),
  (600000019,500000047,"Morbi Vehicula Pellentesque Limited","2005-03-27 13:40:23");
INSERT INTO ORGANIZATION (Id,Admin_ssn,name,Start_date)
VALUES
  (600000021,500000051,"Mauris Aliquam Foundation","2017-04-22 10:07:00"),
  (600000022,500000053,"Arcu Iaculis Enim Associates","2012-08-18 10:24:19"),
  (600000023,500000055,"Nunc Est Corp.","2012-11-16 15:14:54"),
  (600000024,500000057,"Luctus Corp.","2018-11-07 15:50:49"),
  (600000025,500000059,"Tristique Ac Limited","1987-09-08 05:43:30"),
  (600000026,500000061,"Dui Augue Ltd","2011-06-14 19:00:30"),
  (600000027,500000063,"Metus Institute","2001-10-06 13:29:15"),
  (600000028,500000065,"Elit Elit Fermentum Corporation","1984-04-06 01:29:33"),
  (600000029,500000067,"Pede Praesent LLP","1983-07-11 02:49:31");
INSERT INTO ORGANIZATION (Id,Admin_ssn,name,Start_date)
VALUES
  (600000030,500000069,"Nunc Ltd","2015-11-17 05:05:38"),
  (600000031,500000071,"Enim Etiam LLC","2005-08-26 23:04:25"),
  (600000032,500000073,"Ornare Facilisis Inc.","2018-02-24 12:32:10"),
  (600000033,500000075,"Ut Nisi PC","1999-03-18 20:53:37"),
  (600000034,500000077,"A Aliquet Limited","1989-02-19 18:08:23"),
  (600000035,500000079,"Donec Tempor Incorporated","2000-06-17 12:19:29"),
  (600000036,500000081,"Mi Associates","1983-05-10 01:53:40"),
  (600000037,500000083,"Risus Donec Egestas PC","2018-12-06 09:52:39"),
  (600000038,500000085,"Eu Turpis Inc.","2016-12-10 08:09:00"),
  (600000039,500000087,"Nisl Elementum Limited","1983-12-23 07:45:03"),
  (600000040,500000009,"Ege Kundura","1955-12-23 07:45:03");

INSERT INTO WORKS_FOR_ORG(User_ssn,Org_id)
VALUES
(500000070,600000040),
(500000071,600000040),
(500000077,600000040),
(500000070,600000029),
(500000080,600000031),
(500000088,600000029),
(500000060,600000025),
(500000079,600000036),
(500000099,600000038),
(500000081,600000023),
(500000098,600000033),
(500000091,600000033),
(500000030,600000033),
(500000025,600000029),
(500000076,600000029);

INSERT INTO POST(Id,Account_id,Content,Likable_content_id )
VALUES
  (99,500000009,"arcu 05343577145 imperdiet",900000099);
INSERT INTO POST(Id,Account_id,Content,Likable_content_id )
VALUES
  (1,500000009,"arcu imperdiet",900000001),
  (2,500000011,"dis parturient",900000002),
  (3,500000013,"ac arcu. Nunc mauris. Morbi non sapien molestie",900000003),
  (4,500000015,"In ornare sagittis felis. Donec",900000004),
  (5,500000017,"Mauris nulla. Integer urna. Vivamus molestie dapibus ligula.",900000005),
  (6,500000019,"mauris erat eget ipsum. Suspendisse sagittis.",900000006),
  (7,500000021,"semper erat, in consectetuer ipsum",900000007),
  (8,500000023,"placerat eget,",900000008),
  (9,500000025,"enim commodo hendrerit. Donec porttitor tellus",900000009),
  (10,500000027,"a",900000010);

INSERT INTO POST(Id,Account_id,Content,Likable_content_id )
VALUES
  (11,500000029,"hendrerit consectetuer, cursus et, magna. Praesent interdum ligula eu",900000011),
  (12,500000031,"erat vel pede blandit congue. In",900000012),
  (13,500000033,"montes, nascetur ridiculus",900000013),
  (14,500000035,"nibh",900000014),
  (15,500000037,"enim consequat",900000015),
  (16,500000039,"eu neque pellentesque massa lobortis ultrices. Vivamus rhoncus. Donec",900000016),
  (17,500000041,"a, facilisis non, bibendum sed, est.",900000017),
  (18,500000043,"libero. Integer in magna. Phasellus dolor",900000018),
  (19,500000045,"montes, nascetur ridiculus mus. Proin",900000019),
  (20,500000047,"sit amet risus. Donec egestas. Aliquam nec enim. Nunc ut",900000020);
INSERT INTO POST(Id,Account_id,Content,Likable_content_id )
VALUES
  (21,500000049,"enim, sit amet ornare lectus justo eu arcu. Morbi",900000021),
  (22,500000051,"purus. Maecenas",900000022),
  (23,500000053,"nunc",900000023),
  (24,500000055,"ac tellus. Suspendisse sed",900000024),
  (25,500000057,"ut, molestie in, tempus eu,",900000025),
  (26,500000059,"Duis ac arcu. Nunc",900000026),
  (27,500000061,"nostra, per inceptos hymenaeos. Mauris",900000027),
  (28,500000063,"sit amet orci. Ut sagittis lobortis",900000028),
  (29,500000065,"taciti sociosqu",900000029),
  (30,500000067,"rutrum urna, nec luctus felis purus ac tellus. Suspendisse",900000030);
INSERT INTO POST(Id,Account_id,Content,Likable_content_id )
VALUES
  (31,500000069,"non dui nec urna suscipit nonummy.",900000031),
  (32,500000071,"vehicula aliquet",900000032),
  (33,500000073,"ornare placerat, orci lacus vestibulum",900000033),
  (34,500000075,"nisi. Mauris nulla. Integer urna. Vivamus molestie dapibus",900000034),
  (35,500000077,"a, magna. Lorem ipsum dolor sit",900000035),
  (36,500000079,"tincidunt orci quis lectus. Nullam suscipit,",900000036),
  (37,500000081,"Maecenas libero est, congue a, aliquet",900000037),
  (38,500000083,"consequat dolor vitae dolor. Donec",900000038),
  (39,500000085,"velit egestas lacinia. Sed congue, elit sed",900000039),
  (40,500000087,"velit. Cras lorem lorem,",900000040);
INSERT INTO POST(Id,Account_id,Content,Likable_content_id )
VALUES
  (41,500000089,"mauris ut",900000041),
  (42,500000091,"aliquam eros turpis non enim.",900000042),
  (43,500000093,"mauris sit amet lorem",900000043),
  (44,500000095,"eu enim. Etiam imperdiet dictum magna. Ut",900000044),
  (45,500000097,"sapien. Cras dolor dolor, tempus non,",900000045),
  (46,500000099,"dui. Suspendisse ac metus vitae velit egestas lacinia. Sed",900000046),
  (47,500000101,"ornare egestas ligula. Nullam feugiat placerat velit.",900000047),
  (48,500000103,"nonummy. Fusce fermentum",900000048),
  (49,500000105,"sagittis. Nullam vitae diam.",900000049),
  (50,500000107,"consectetuer rhoncus. Nullam velit dui, semper",900000050);
INSERT INTO POST(Id,Account_id,Content,Likable_content_id )
VALUES
  (51,500000109,"adipiscing fringilla, porttitor vulputate, posuere vulputate, lacus. Cras interdum.",900000051),
  (52,500000111,"risus. Quisque libero lacus, varius",900000052),
  (53,500000113,"urna justo faucibus lectus, a sollicitudin orci sem",900000053),
  (54,500000115,"lectus.",900000054),
  (55,500000117,"tristique senectus et netus",900000055),
  (56,500000119,"Nam interdum enim non nisi. Aenean",900000056),
  (57,500000121,"ipsum dolor sit amet, consectetuer adipiscing elit. Etiam laoreet,",900000057),
  (58,500000123,"feugiat. Lorem ipsum dolor sit amet,",900000058),
  (59,500000125,"consectetuer, cursus et, magna. Praesent interdum ligula eu enim.",900000059),
  (60,500000127,"interdum ligula eu enim. Etiam imperdiet dictum magna. Ut",900000060);
  INSERT INTO POST(Id,Account_id,Content,Likable_content_id )
  VALUES
  (61,600000009,"arcu imperdiet",900000061),
  (62,600000011,"dis parturient",900000062),
  (63,600000013,"ac arcu. Nunc mauris. Morbi non sapien molestie",900000063),
  (64,600000015,"In ornare sagittis felis. Donec",900000064),
  (65,600000017,"Mauris nulla. Integer urna. Vivamus molestie dapibus ligula.",900000065),
  (66,600000019,"mauris erat eget ipsum. Suspendisse sagittis.",900000066),
  (67,600000021,"semper erat, in consectetuer ipsum",900000067),
  (68,600000023,"placerat eget,",900000068),
  (69,600000025,"enim commodo hendrerit. Donec porttitor tellus",900000069),
  (70,600000027,"a",900000070);


  INSERT INTO PROJECT(Id,Pname,Start_date,End_date,Org_id)
VALUES
  (10,"neque. Nullam","2011-07-04 08:39:12","2021-01-22 18:11:37",600000035),
  (41,"non dui","1998-02-16 10:06:24","2021-01-22 18:11:46",600000035),
  (2,"auctor ullamcorper,","1983-09-29 09:32:19","2021-01-22 18:11:39",600000035),
  (27,"In ornare","2007-05-22 23:53:10","2021-01-22 18:11:35",600000035),
  (53,"non, cursus","2019-12-22 23:10:52","2021-01-22 18:11:25",600000035),
  (35,"Pellentesque habitant","2003-10-15 02:10:36","2021-01-22 18:11:25",600000035),
  (25,"In faucibus.","2017-12-24 07:45:49","2021-01-22 18:11:31",600000035),
  (20,"quam dignissim","2015-05-11 19:52:01","2021-01-22 18:11:26",600000036),
  (46,"cursus. Integer","1988-07-17 10:00:38","2021-01-22 18:11:37",600000037),
  (9,"aptent taciti","1982-10-20 11:14:57","2021-01-22 18:11:40",600000038),
  (19,"Database Project","2011-07-04 08:39:12","2021-01-22 18:12:37",600000039),
  (13,"OOP Project","2011-07-04 08:39:12","2021-01-22 18:13:39",600000040),
  (14,"Lexical Analyzer","2011-07-04 08:39:12","2021-01-22 18:14:38",600000040),
  (15,"Flutter","2011-07-04 08:39:12","2021-01-22 18:12:35",600000040),
  (16,"Mobile App","2011-07-04 08:39:12","2021-01-22 18:10:39",600000040),
  (17,"Data Structures Project","2011-07-04 08:39:12","2021-01-22 18:19:47",600000040);
INSERT INTO PROJECT(Id,Pname,Start_date,End_date,Org_id)
VALUES
  (38,"et magnis","1977-03-19 12:48:43","2021-01-22 18:11:32",600000030),
  (40,"dis parturient","1995-07-06 04:54:41","2021-01-22 18:11:42",600000030),
  (11,"massa. Mauris","1989-11-16 10:26:34","2021-01-22 18:11:47",600000030),
  (37,"a, auctor","1981-12-23 22:23:13","2021-01-22 18:11:38",600000031),
  (44,"massa. Integer","2019-09-05 22:08:24","2021-01-22 18:11:37",600000032),
  (29,"vulputate, posuere","2015-04-16 06:36:07","2021-01-22 18:11:26",600000033),
  (12,"adipiscing elit.","2010-05-31 15:49:13","2021-01-22 18:11:33",600000034),
  (48,"aliquam iaculis,","1985-02-28 06:06:40","2021-01-22 18:11:40",600000035);


  INSERT INTO WORKS_ON_PROJECT(User_ssn,Project_id)
  VALUES
  (500000084,48),
  (500000108,11),
  (500000010,10),
  (500000105,14),
  (500000106,27),
  (500000107,16),
  (500000012,16),
  (500000013,16),
  (500000015,40),
  (500000015,38),
  (500000104,53),
  (500000104,20),
  (500000104,13),
  (500000098,9),
  (500000032,38),
  (500000050,44),
  (500000076,11),
  (500000068,37),
  (500000098,29),
  (500000126,12);

INSERT INTO COMMENT(Comment_id,Post_id,Account_id,User_ssn,Body,Likable_content_id)
VALUES
  (9,1,500000009,500000069,"est mauris, rhoncus id, mollis nec, cursus a, enim.",900000100),
  (10,2,500000011,500000006,"Nunc",900000101),
  (11,3,500000013,500000012,"vel quam dignissim",900000102),
  (12,4,500000015,500000071,"vel quam dignissim",900000103),
  (13,5,500000017,500000037,"semper egestas, urna justo faucibus lectus, a sollicitudin",900000104),
  (14,6,500000019,500000098,"malesuada vel, convallis in, cursus et, eros. Proin ultrices. Duis",900000105),
  (15,7,500000021,500000082,"eu, euismod",900000106),
  (16,8,500000023,500000010,"feugiat metus sit amet ante. Vivamus",900000107),
  (17,9,500000025,500000042,"et, eros. Proin ultrices. Duis volutpat nunc sit amet metus.",900000108);

INSERT INTO COMMENT(Comment_id,Post_id,Account_id,User_ssn,Body,Likable_content_id)
VALUES
  (18,24,500000055,500000091,"aliquam arcu. Aliquam ultrices iaculis odio. Nam interdum",900000109),
  (19,27,500000061,500000095,"dolor dolor, tempus non, lacinia at, iaculis quis,",900000110),
  (20,16,500000039,500000097,"magna. Phasellus dolor",900000111),
  (21,21,500000049,500000085,"Donec felis orci,",900000112),
  (22,32,500000071,500000015,"Aliquam erat volutpat. Nulla facilisis. Suspendisse commodo tincidunt",900000113),
  (23,35,500000077,500000099,"Phasellus nulla. Integer vulputate, risus a ultricies adipiscing,",900000114),
  (24,19,500000045,500000055,"tortor nibh",900000115),
  (25,33,500000073,500000073,"convallis est, vitae sodales",900000116),
  (26,40,500000087,500000069,"aliquet libero. Integer in magna. Phasellus",900000117),
  (27,20,500000047,500000098,"pede. Suspendisse dui. Fusce diam nunc, ullamcorper eu, euismod",900000118);

  INSERT INTO COMMENT(Comment_id,Post_id,Account_id,User_ssn,Body,Likable_content_id)
VALUES
  (28,5,500000017,500000091,"aliquam arcu. Aliquam ultrices iaculis odio. Nam interdum",900000119),
  (29,8,500000023,500000095,"dolor dolor, tempus non, lacinia at, iaculis quis,",900000120),
  (30,32,500000071,500000097,"magna. Phasellus dolor",900000121),
  (31,9,500000025,500000085,"Donec felis orci,",900000122),
  (32,1,500000009,500000015,"Aliquam erat volutpat. Nulla facilisis. Suspendisse commodo tincidunt",900000123);

  INSERT INTO ANSWER (Answer_id,Comment_id,Post_id,Account_id,User_ssn,Body,Likable_content_id)
VALUES
  (1,18,24,500000055,500000123,"nec tempus",900000124),
  (2,26,40,500000087,500000173,"cubilia Curae Phasellus ornare. Fusce",900000125),
  (3,23,35,500000077,500000129,"risus. Nunc",900000126),
  (4,27,20,500000047,500000151,"a odio semper cursus.",900000127),
  (5,14,6,500000019,500000127,"Mauris vestibulum,",900000128),
  (6,19,27,500000061,500000023,"vitae risus. Duis a mi fringilla mi lacinia mattis.",900000129),
  (7,9,1,500000009,500000119,"arcu et pede. Nunc",900000130),
  (8,12,4,500000015,500000093,"volutpat",900000131),
  (9,10,2,500000011,500000087,"Quisque tincidunt",900000132),
  (10,32,1,500000009,500000156,"dolor dolor,",900000133);

  INSERT INTO LIKES(User_ssn,Likable_content_id)
  VALUES
  (500000009,900000124 ),
  (500000019,900000124 ),
  (500000029,900000124 ),
  (500000039,900000124 ),
  (500000049,900000001 ),
  (500000059,900000001 ),
  (500000069,900000001 ),
  (500000079,900000002 ),
  (500000015,900000003),
  (500000095,900000004 ),
 (500000026,900000005 ),
 (500000032, 900000006 ),
 (500000054, 900000007 ),
(500000019, 900000008 ),
(500000021, 900000009 ),
(500000046, 900000010),
(500000088, 900000100),
(500000077, 900000101),
(500000066, 900000109),
(500000023, 900000110),
(500000081, 900000118),
(500000087, 900000123),
(500000022, 900000125),
(500000036, 900000129),
(500000009, 900000130),
(500000001, 900000132),
 (500000015,900000103),
 (500000075,900000005 );



INSERT INTO STUDENT (Ssn,Snumber)
VALUES
  (500000000,87955128380),
  (500000002,70019705705),
  (500000004,42333885228),
  (500000006,32617438070),
  (500000008,69798416539),
  (500000010,60215724096),
  (500000012,78993692891),
  (500000014,91673224298),
  (500000016,70414970464),
  (500000018,97456356390);
INSERT INTO STUDENT (Ssn,Snumber)
VALUES
  (500000020,73638875840),
  (500000022,57359591297),
  (500000024,78056612339),
  (500000026,39185053877),
  (500000028,69524746212),
  (500000030,36647952648),
  (500000032,90899230482),
  (500000034,29009680844),
  (500000036,18781012129),
  (500000038,84469427779);
INSERT INTO STUDENT (Ssn,Snumber)
VALUES
  (500000040,43381547305),
  (500000042,90429649583),
  (500000044,85428476664),
  (500000046,30212010139),
  (500000048,54910638036),
  (500000050,91255144061),
  (500000052,21994146629),
  (500000054,68917837025),
  (500000056,90394251434),
  (500000058,89375368825);
INSERT INTO STUDENT (Ssn,Snumber)
VALUES
  (500000060,68071833078),
  (500000062,94611236439),
  (500000064,91219923033),
  (500000066,62461883006),
  (500000068,91057711980),
  (500000070,17256494881),
  (500000072,51915716439),
  (500000074,35930640657),
  (500000076,74268870771),
  (500000078,33115622132);
INSERT INTO STUDENT (Ssn,Snumber)
VALUES
  (500000080,23130972262),
  (500000082,93956676268),
  (500000084,36426390668),
  (500000086,42739704439),
  (500000088,87024294436),
  (500000090,51417795691),
  (500000092,10605093291),
  (500000094,32234020674),
  (500000096,61525959874),
  (500000098,93357977823);
INSERT INTO STUDENT (Ssn,Snumber)
VALUES
  (500000100,60170352027),
  (500000102,42829850275),
  (500000104,25792187690),
  (500000106,77204552547),
  (500000108,43591435732),
  (500000110,41146869777),
  (500000112,52575935692),
  (500000114,19314263220),
  (500000116,47395293861),
  (500000118,5286425700);
INSERT INTO STUDENT (Ssn,Snumber)
VALUES
  (500000120,52745784313),
  (500000122,64585885494),
  (500000124,15439368841),
  (500000126,34512940120),
  (500000128,55966002396),
  (500000130,43258188205),
  (500000132,12215354287),
  (500000134,14525482762),
  (500000136,30655828363),
  (500000138,75591105300);
INSERT INTO STUDENT (Ssn,Snumber)
VALUES
  (500000140,34442229927),
  (500000142,12977719156),
  (500000144,34753771651),
  (500000146,57652831732),
  (500000148,32517726015);

  INSERT INTO TEACHER (Ssn,title)
VALUES
  (500000001,"Prof"),
  (500000003,"Asistant"),
  (500000005,"Chairman"),
  (500000007,"Prof"),
  (500000009,"Prof"),
  (500000011,"Doctor"),
  (500000013,"Chairman"),
  (500000015,"Doctor"),
  (500000017,"Doctor"),
  (500000019,"Asistant");
INSERT INTO TEACHER (Ssn,title)
VALUES
  (500000021,"Chairman"),
  (500000023,"Asistant"),
  (500000025,"Doctor"),
  (500000027,"Prof"),
  (500000029,"Asistant"),
  (500000031,"Chairman"),
  (500000033,"Chairman"),
  (500000035,"Asistant"),
  (500000037,"Asistant"),
  (500000039,"Chairman");

  INSERT INTO COURSE (Teacher_ssn,Cname,Id,Cdate)
VALUES
  (500000019,"Software Engineering",11,"2020-01-22 18:11:24"),
  (500000001,"Calculus 1",1,"2020-01-22 18:11:24"),
  (500000003,"Introduction to Computer Science",2,"2020-01-22 18:11:24"),
  (500000005,"Discreate Math",3,"2020-01-22 18:11:24"),
  (500000007,"Mantık Devreleri Tasarımı",4,"2020-01-22 18:11:24"),
  (500000009,"Object Orianted Programming",5,"2020-01-22 18:11:24"),
  (500000011,"Database Management",6,"2020-01-22 18:11:24"),
  (500000013,"Calculus 1",7,"2020-01-22 18:11:24"),
  (500000015,"Yapay Zeka Uygulamaları",8,"2020-01-22 18:11:24"),
  (500000017,"Automata Theory",10,"2020-01-22 18:11:24");

 

  INSERT INTO ENROLLS (Course_id,Student_ssn)
VALUES
  (6,500000058),
  (4,500000050),
  (4,500000054),
  (8,500000026),
  (3,500000058),
  (4,500000026),
  (1,500000050),
  (2,500000026);
INSERT INTO ENROLLS (Course_id,Student_ssn)
VALUES
  (10,500000020),
  (2,500000022),
  (7,500000026),
  (8,500000028),
  (7,500000030),
  (1,500000032),
  (3,500000034),
  (3,500000036),
  (2,500000038);
INSERT INTO ENROLLS (Course_id,Student_ssn)
VALUES
  (2,500000040),
  (2,500000042),
  (8,500000044),
  (10,500000046),
  (7,500000048),
  (2,500000050),
  (3,500000052),
  (2,500000054),
  (7,500000056),
  (2,500000058);
INSERT INTO ENROLLS (Course_id,Student_ssn)
VALUES
  (8,500000060),
  (7,500000062),
  (10,500000064),
  (4,500000066),
  (5,500000068),
  (10,500000070),
  (6,500000072),
  (6,500000074),
  (1,500000076),
  (10,500000078);
INSERT INTO ENROLLS (Course_id,Student_ssn)
VALUES
  (3,500000080),
  (1,500000082),
  (2,500000084),
  (10,500000086),
  (5,500000088),
  (3,500000090),
  (8,500000092),
  (6,500000094),
  (7,500000096),
  (5,500000098);
INSERT INTO ENROLLS (Course_id,Student_ssn)
VALUES
  (8,500000102),
  (2,500000104),
  (6,500000106),
  (8,500000108),
  (7,500000110),
  (4,500000112),
  (7,500000114),
  (6,500000116);
INSERT INTO ENROLLS (Course_id,Student_ssn)
VALUES
  (6,500000120),
  (4,500000122),
  (4,500000124),
  (5,500000126),
  (6,500000128),
  (2,500000130),
  (10,500000026),
  (7,500000134),
  (10,500000136),
  (6,500000138);

   INSERT INTO ASSIGNMENT (Assignment_id,Course_id,Aname)
VALUES
  (1,4,"aliquet,"),
  (2,10,"Ut"),
  (3,10,"Aliquam"),
  (4,3,"sapien."),
  (5,6,"Curabitur"),
  (6,8,"Mauris"),
  (7,2,"convallis"),
  (8,1,"ornare,"),
  (9,4,"aliquet"),
  (10,3,"ut,");

INSERT INTO ASSIGNMENT (Assignment_id,Course_id,Aname)
VALUES
  (11,8,"vitae"),
  (12,4,"urna."),
  (13,3,"euismod"),
  (14,1,"sed,"),
  (15,3,"Phasellus"),
  (16,8,"vel"),
  (17,7,"Donec"),
  (18,1,"feugiat"),
  (19,7,"rutrum."),
  (20,10,"non");

INSERT INTO ASSIGNMENT (Assignment_id,Course_id,Aname)
VALUES
  (21,7,"montes,"),
  (22,2,"ultricies"),
  (23,6,"nisi."),
  (24,4,"lobortis,"),
  (25,8,"Pellentesque");

  INSERT INTO ASSIGNMENT_UPLOAD (Assignment_id,Course_id,Student_ssn,Upload_date)
VALUES
  (8,1,500000032,"2022-02-09 09:27:53"),
  (7,2,500000084,"2022-02-10 11:32:49"),
  (4,3,500000052,"2022-02-11 10:35:27"),
  (1,4,500000122,"2022-02-09 07:09:56"),
  (5,6,500000094,"2022-02-10 20:08:15"),
  (5,6,500000128,"2022-02-13 23:59:56"),
  (21,7,500000048,"2022-02-19 21:25:13"),
  (6,8,500000092,"2022-02-11 15:36:43"),
  (6,8,500000060,"2022-02-14 18:12:35"),
  (2,10,500000026,"2022-02-12 19:29:39"),
  (3,10,500000086,"2022-02-15 11:30:29");

INSERT INTO ASSIGNMENT_UPLOAD (Assignment_id,Course_id,Student_ssn,Upload_date)
VALUES
  (17,7,500000030,"2022-02-09 09:27:53"),
  (8,1,500000050,"2022-02-09 09:27:53"),
  (14,1,500000050,"2022-02-09 09:27:53"),
  (22,2,500000050,"2022-02-09 09:27:53"),
  (22,2,500000058,"2022-02-09 09:27:53"),
  (4,3,500000058,"2022-02-09 09:27:53");
  
INSERT INTO ASSIGNMENT_GRADE (Assignment_id,Course_id,Student_ssn,Grade_date,Grade)
VALUES
  (17,7,500000030,"2022-02-12 09:27:53",34),
  (8,1,500000050,"2022-02-28 09:27:53",76),
  (14,1,500000050,"2022-03-01 09:27:53",23),
  (22,2,500000050,"2022-02-18 09:27:53",56),
  (22,2,500000058,"2022-02-19 09:27:53",90),
  (4,3,500000058,"2022-02-23 09:27:53",67);

INSERT INTO ASSIGNMENT_GRADE (Assignment_id,Course_id,Student_ssn,Grade_date,Grade)
VALUES
  (7,2,500000084,"2022-03-05 12:32:49",75),
  (4,3,500000052,"2022-02-26 18:35:27",63),
  (1,4,500000122,"2025-03-01 05:09:56",45),
  (5,6,500000094,"2022-03-05 20:08:15",27),
  (5,6,500000128,"2022-02-28 13:59:56",99),
  (21,7,500000048,"2022-03-02 11:35:13",78),
  (6,8,500000092,"2022-02-22 14:16:43",92),
  (6,8,500000060,"2022-02-24 19:12:35",85),
  (2,10,500000026,"2022-02-22 09:29:39",63),
  (3,10,500000086,"2022-02-27 21:39:29",88);